<?xml version='1.0' encoding='UTF-8'?>
<system creation-date="2021-07-31 23:19:22.050000" desc="" enable="False" id="3F7A3B54-85D4-4716-B3F6-12B6E11E28B5" last-modified-date="" name="Controlador_Robot_1"><applications><application name="RobotWare" version="6.12.0184"><settings><system-xml path="D:\User\Documentos\RobotStudio\Virtual Controllers\Controlador_Robot_1\system.xml" /><key-id path="D:\User\Documentos\RobotStudio\Virtual Controllers\Controlador_Robot_1\INTERNAL\key.id" /><setting-file path="D:\User\Documentos\RobotStudio\Virtual Controllers\Controlador_Robot_1\INTERNAL\controller.rsf" /></settings></application></applications></system>