<?xml version='1.0' encoding='UTF-8'?>
<system creation-date="2021-08-04 05:00:18.307000" desc="" enable="False" id="1B2E06E8-9523-4CA1-A611-CEF68A01AA5C" last-modified-date="" name="Controlador_Robot1"><applications><application name="RobotWare" version="6.12.0184"><settings><system-xml path="D:\User\Documentos\RobotStudio\Stations\Virtual Controllers\Controlador_Robot1\system.xml" /><key-id path="D:\User\Documentos\RobotStudio\Stations\Virtual Controllers\Controlador_Robot1\INTERNAL\key.id" /><setting-file path="D:\User\Documentos\RobotStudio\Stations\Virtual Controllers\Controlador_Robot1\INTERNAL\controller.rsf" /></settings></application></applications></system>