<?xml version='1.0' encoding='UTF-8'?>
<system creation-date="2021-08-04 05:00:18.837000" desc="" enable="False" id="27A67481-1E1B-4086-9280-D9B802493FC9" last-modified-date="" name="Controlador_Robot2"><applications><application name="RobotWare" version="6.12.0184"><settings><system-xml path="D:\User\Documentos\RobotStudio\Stations\Virtual Controllers\Controlador_Robot2\system.xml" /><key-id path="D:\User\Documentos\RobotStudio\Stations\Virtual Controllers\Controlador_Robot2\INTERNAL\key.id" /><setting-file path="D:\User\Documentos\RobotStudio\Stations\Virtual Controllers\Controlador_Robot2\INTERNAL\controller.rsf" /></settings></application></applications></system>