<?xml version='1.0' encoding='UTF-8'?>
<system creation-date="2021-08-03 17:51:23.488000" desc="" enable="False" id="FE9ABCA1-03CD-4F31-A61A-B39B95B6F5D3" last-modified-date="" name="Controlador_Robot1"><applications><application name="RobotWare" version="6.12.0184"><settings><system-xml path="D:\User\Documentos\RobotStudio\Stations\Virtual Controllers\Controlador_Robot1\system.xml" /><key-id path="D:\User\Documentos\RobotStudio\Stations\Virtual Controllers\Controlador_Robot1\INTERNAL\key.id" /><setting-file path="D:\User\Documentos\RobotStudio\Stations\Virtual Controllers\Controlador_Robot1\INTERNAL\controller.rsf" /></settings></application></applications></system>