<?xml version='1.0' encoding='UTF-8'?>
<system creation-date="2021-08-04 05:00:17.414000" desc="" enable="False" id="B1F8CB22-3A19-47C7-9E8D-3AF6125F0F6F" last-modified-date="" name="Controlador_PickPlace"><applications><application name="RobotWare" version="6.12.0184"><settings><system-xml path="D:\User\Documentos\RobotStudio\Stations\Virtual Controllers\Controlador_PickPlace\system.xml" /><key-id path="D:\User\Documentos\RobotStudio\Stations\Virtual Controllers\Controlador_PickPlace\INTERNAL\key.id" /><setting-file path="D:\User\Documentos\RobotStudio\Stations\Virtual Controllers\Controlador_PickPlace\INTERNAL\controller.rsf" /></settings></application></applications></system>