<?xml version='1.0' encoding='UTF-8'?>
<system creation-date="2021-08-03 18:34:31.180000" desc="" enable="False" id="56DC9D76-CDB6-40C4-B578-30053E311E36" last-modified-date="" name="Controlador_Robot2"><applications><application name="RobotWare" version="6.12.0184"><settings><system-xml path="D:\User\Documentos\RobotStudio\Virtual Controllers\Controlador_Robot2\system.xml" /><key-id path="D:\User\Documentos\RobotStudio\Virtual Controllers\Controlador_Robot2\INTERNAL\key.id" /><setting-file path="D:\User\Documentos\RobotStudio\Virtual Controllers\Controlador_Robot2\INTERNAL\controller.rsf" /></settings></application></applications></system>