<?xml version='1.0' encoding='UTF-8'?>
<system creation-date="2021-08-03 17:51:21.954000" desc="" enable="False" id="FD6BCFCA-8B91-47D2-A1C1-7AE03145D4AD" last-modified-date="" name="Controlador_PickPlace"><applications><application name="RobotWare" version="6.12.0184"><settings><system-xml path="D:\User\Documentos\RobotStudio\Stations\Virtual Controllers\Controlador_PickPlace\system.xml" /><key-id path="D:\User\Documentos\RobotStudio\Stations\Virtual Controllers\Controlador_PickPlace\INTERNAL\key.id" /><setting-file path="D:\User\Documentos\RobotStudio\Stations\Virtual Controllers\Controlador_PickPlace\INTERNAL\controller.rsf" /></settings></application></applications></system>