<?xml version="1.0" encoding="utf-8"?>
<SystemProperties>
  <SystemName>Controlador_Robot2</SystemName>
  <SerialNo>VIRTUAL_USE</SerialNo>
  <UsedMedia>
    <Media path="C:\Users\Alex\AppData\Local\ABB\RobotWare\RobotWare_6.12.0184" name="RobotWare" version="6.12.0184">
    </Media>
  </UsedMedia>
  <ControlModule>
    <Option descr="RobotWare Base">
    </Option>
    <Option descr="English">
    </Option>
  </ControlModule>
  <DriveModule>
    <Name>Robot1</Name>
    <Option descr="Drive System IRB 7600/8700/5500">
    </Option>
    <Option descr="ADU-790A in position X3">
    </Option>
    <Option descr="ADU-790A in position Y3">
    </Option>
    <Option descr="ADU-790A in position Z3">
    </Option>
    <Option descr="Axis Calibration">
    </Option>
    <Option descr="IRB 7600-150/3.5">
    </Option>
  </DriveModule>
</SystemProperties>