<?xml version='1.0' encoding='UTF-8'?>
<system creation-date="2021-08-01 05:29:36.427000" desc="" enable="False" id="3A0BB2F1-2EFE-4548-981E-DD2DADBC5203" last-modified-date="" name="Controlador_Pick_And_Place"><applications><application name="RobotWare" version="6.12.0184"><settings><system-xml path="D:\User\Documentos\RobotStudio\Virtual Controllers\Controlador_Pick_And_Place\system.xml" /><key-id path="D:\User\Documentos\RobotStudio\Virtual Controllers\Controlador_Pick_And_Place\INTERNAL\key.id" /><setting-file path="D:\User\Documentos\RobotStudio\Virtual Controllers\Controlador_Pick_And_Place\INTERNAL\controller.rsf" /></settings></application></applications></system>